Predicted result[Without KA],Predicted Result[With Sherlock],Predicted Result[With Doduo],Rows Count,Error Ratio
T,T,T,2458,0.9939344925192074
T,T,F,1,0.0004043671653861706
T,F,T,2,0.0008087343307723412
T,F,F,0,0.0
F,T,T,3,0.001213101496158512
F,T,F,2,0.0008087343307723412
F,F,T,0,0.0
F,F,F,7,0.0028305701577031944
