Predicted Result[With Doduo],Predicted Result[Doduo and EL],Rows Count,Error Ratio
T,T,2,0.0008087343307723412
T,F,4,0.0016174686615446825
F,T,5,0.0020218358269308533
F,F,5,0.0020218358269308533
